{
  "version": "2021.1",
  "applications": [],
  "platforms": [
    {
      "name": "kria"
    }
  ],
  "systems": [
    {
      "name": "display_port_app_system",
      "platform": "C:/GIT/Concept_to_Prototype_U96/wksp/kria/export/kria/kria.xpfm",
      "sysConfig": "kria",
      "buildConfig": "Debug",
      "applications": [
        {
          "name": "display_port_app",
          "platform": "C:/GIT/Concept_to_Prototype_U96/wksp/kria/export/kria/kria.xpfm",
          "platformPath": "C:\\GIT\\Concept_to_Prototype_U96\\wksp\\kria\\export\\kria",
          "sysConfig": "kria",
          "domain": "standalone_domain",
          "system": "display_port_app_system"
        }
      ],
      "platformPath": "C:\\GIT\\Concept_to_Prototype_U96\\wksp\\kria\\export\\kria"
    }
  ],
  "others": []
}